{
  "total_masks": 99,
  "areas": [
    1440,
    464759,
    181966,
    181213,
    2643,
    2384,
    12795,
    904756,
    2598,
    24653,
    2591,
    1656,
    631,
    973,
    1907,
    1773,
    2527,
    183409,
    1969,
    1645,
    9198,
    47071,
    8523,
    3394,
    45817,
    8587,
    1437,
    1593,
    12751,
    16696,
    1509,
    2426,
    2324,
    7769,
    1824,
    7463,
    3289,
    6593,
    3430,
    1022,
    2598,
    5616,
    16521,
    1452,
    1541,
    3298,
    3545,
    1776,
    2957,
    1531,
    22658,
    5625,
    10548,
    2482,
    1310,
    11303,
    695,
    8711,
    233663,
    1165,
    2479,
    15714,
    849,
    5476,
    1249,
    3449,
    31523,
    3297,
    17440,
    10631,
    9434,
    463066,
    68374,
    713,
    605,
    2860,
    5292,
    2824,
    1665,
    2453,
    2268,
    2434,
    1799,
    29129,
    649,
    893,
    18376,
    59526,
    359,
    895506,
    347875,
    20228,
    1699,
    51100,
    1605,
    8381,
    2420,
    4303,
    135799
  ],
  "stability_scores": [
    0.988300085067749,
    0.9839844703674316,
    0.9781101942062378,
    0.9754937887191772,
    0.9727814793586731,
    0.972164511680603,
    0.9710111618041992,
    0.9691615700721741,
    0.9688212871551514,
    0.9682527184486389,
    0.9679389595985413,
    0.9677226543426514,
    0.9672897458076477,
    0.9667673707008362,
    0.9659442901611328,
    0.9647576808929443,
    0.9644787907600403,
    0.9635350108146667,
    0.9630922675132751,
    0.9630292057991028,
    0.9627415537834167,
    0.9625280499458313,
    0.9624423980712891,
    0.9609035849571228,
    0.9607729911804199,
    0.9600914716720581,
    0.9589603543281555,
    0.9581795930862427,
    0.9580205082893372,
    0.9576644897460938,
    0.9560439586639404,
    0.9552599787712097,
    0.9548141956329346,
    0.9528953433036804,
    0.9525350332260132,
    0.9523435235023499,
    0.952182948589325,
    0.9515770673751831,
    0.9513651728630066,
    0.9512894153594971,
    0.9504876136779785,
    0.950199544429779,
    0.9498969912528992,
    0.9495967626571655,
    0.9479297399520874,
    0.9477105140686035,
    0.9471946954727173,
    0.9469365477561951,
    0.9465522766113281,
    0.9463258981704712,
    0.945658266544342,
    0.9456088542938232,
    0.9452759027481079,
    0.9450292587280273,
    0.944817304611206,
    0.9436900019645691,
    0.9410939812660217,
    0.9404165148735046,
    0.9396006464958191,
    0.9391666650772095,
    0.9390386939048767,
    0.9385117292404175,
    0.9372146129608154,
    0.9365836381912231,
    0.9365324974060059,
    0.9362538456916809,
    0.9357475638389587,
    0.934776246547699,
    0.9343290328979492,
    0.9327753782272339,
    0.9321461319923401,
    0.9313967227935791,
    0.9310952425003052,
    0.929347813129425,
    0.9276527166366577,
    0.9272237420082092,
    0.9259191751480103,
    0.9251191020011902,
    0.9236509799957275,
    0.9230467081069946,
    0.9199830889701843,
    0.9161113500595093,
    0.914814829826355,
    0.9140170216560364,
    0.913616418838501,
    0.9136068820953369,
    0.9135410785675049,
    0.9131606817245483,
    0.912466824054718,
    0.9113146662712097,
    0.9101220965385437,
    0.9099754095077515,
    0.9083379507064819,
    0.9075833559036255,
    0.9062870740890503,
    0.9059733152389526,
    0.9048182964324951,
    0.9027686715126038,
    0.9023339152336121
  ],
  "predicted_ious": [
    0.9654316902160645,
    0.9910997748374939,
    0.9340322613716125,
    0.927212655544281,
    0.9588512778282166,
    0.9429701566696167,
    0.9456326365470886,
    0.9909049868583679,
    0.9487727284431458,
    0.982608437538147,
    0.8994367718696594,
    0.85821932554245,
    0.8959272503852844,
    0.9404206871986389,
    0.9408436417579651,
    0.9423629641532898,
    0.9169367551803589,
    0.833412766456604,
    0.8124855756759644,
    0.9193702340126038,
    0.9102753400802612,
    0.976597785949707,
    0.9696252346038818,
    0.9496554136276245,
    0.9794308543205261,
    0.9481431245803833,
    0.9248469471931458,
    0.9006738662719727,
    0.9119943380355835,
    0.9616323113441467,
    0.9439783692359924,
    0.9157252907752991,
    0.8773944973945618,
    0.9300796389579773,
    0.9055348038673401,
    0.8417164087295532,
    0.9307756423950195,
    0.9237831830978394,
    0.9008569717407227,
    0.8904054164886475,
    0.8008245825767517,
    0.9116271734237671,
    0.8122597932815552,
    0.906849205493927,
    0.9432356953620911,
    0.9248628616333008,
    0.9280272126197815,
    0.93696129322052,
    0.9050089120864868,
    0.876227080821991,
    0.956402063369751,
    0.903368353843689,
    0.8847339749336243,
    0.8663485050201416,
    0.8547242879867554,
    0.9437706470489502,
    0.8981063365936279,
    0.8893702626228333,
    0.9537960886955261,
    0.8428796529769897,
    0.9305458068847656,
    0.9022085666656494,
    0.9195444583892822,
    0.8719152808189392,
    0.918225884437561,
    0.8148334622383118,
    0.9583861231803894,
    0.8795694708824158,
    0.9680424928665161,
    0.9177218079566956,
    0.8939698338508606,
    0.9829670190811157,
    0.9506540894508362,
    0.8890711069107056,
    0.8595992922782898,
    0.8906679153442383,
    0.887128472328186,
    0.8661988377571106,
    0.8995420932769775,
    0.8965550065040588,
    0.8532267212867737,
    0.8276872634887695,
    0.8756458759307861,
    0.9235566854476929,
    0.8035244345664978,
    0.8545818328857422,
    0.8842238783836365,
    0.9124501943588257,
    0.8622833490371704,
    0.9870997667312622,
    0.9650840163230896,
    0.8650575876235962,
    0.8586532473564148,
    0.9638450145721436,
    0.8743607997894287,
    0.9270991086959839,
    0.8918449282646179,
    0.938276469707489,
    0.9395147562026978
  ],
  "area_stats": {
    "min": 359,
    "max": 904756,
    "mean": 47916.57575757576,
    "median": 3297.0
  },
  "score_stats": {
    "min_stability": 0.9023339152336121,
    "max_stability": 0.988300085067749,
    "mean_stability": 0.9433094076435975,
    "min_iou": 0.8008245825767517,
    "max_iou": 0.9910997748374939,
    "mean_iou": 0.9099475247691377
  }
}