{
  "total_masks": 70,
  "areas": [
    8568,
    3374,
    50648,
    2925,
    870,
    957,
    13080,
    5071,
    3527,
    14177,
    8777,
    26525,
    913,
    4872,
    3422,
    18846,
    1424,
    2287,
    26529,
    915,
    883,
    847,
    2947,
    2391,
    1966,
    878,
    41008,
    23515,
    930,
    839,
    41140,
    4219,
    797,
    636544,
    1041,
    4198,
    20107,
    293,
    968,
    6420,
    2336,
    17124,
    721215,
    39846,
    21377,
    21518,
    28654,
    6362,
    3216,
    1716,
    202,
    547585,
    669,
    4100,
    39554,
    2109,
    2738,
    632580,
    3260,
    112664,
    114670,
    5888,
    347,
    1312,
    940,
    96,
    5159,
    741116,
    4370,
    322029
  ],
  "stability_scores": [
    0.9800626039505005,
    0.9800586700439453,
    0.9781641364097595,
    0.9774106740951538,
    0.9772984981536865,
    0.9731958508491516,
    0.9731239676475525,
    0.9730205535888672,
    0.9729276895523071,
    0.9726027250289917,
    0.9715242981910706,
    0.9713085889816284,
    0.9709051847457886,
    0.9702248573303223,
    0.9689387679100037,
    0.9682357907295227,
    0.9675189852714539,
    0.9673539400100708,
    0.9671337008476257,
    0.9666666388511658,
    0.9665178656578064,
    0.9663182497024536,
    0.9637271165847778,
    0.9597370624542236,
    0.9596412777900696,
    0.9588888883590698,
    0.9573767185211182,
    0.9568076133728027,
    0.954926609992981,
    0.9546511769294739,
    0.9543455243110657,
    0.9526121020317078,
    0.9524969458580017,
    0.9519465565681458,
    0.9507575631141663,
    0.9507434964179993,
    0.9503099322319031,
    0.9468438625335693,
    0.9456740617752075,
    0.944840133190155,
    0.9447903633117676,
    0.9444764256477356,
    0.9440162777900696,
    0.9430773258209229,
    0.9425711035728455,
    0.9378163814544678,
    0.9368521571159363,
    0.936059832572937,
    0.9357825517654419,
    0.9357746243476868,
    0.9339622855186462,
    0.9335989952087402,
    0.9335260391235352,
    0.9317591786384583,
    0.9316502809524536,
    0.9310187101364136,
    0.9293497204780579,
    0.929067075252533,
    0.9275234937667847,
    0.925686776638031,
    0.9204612970352173,
    0.9188792705535889,
    0.9175823926925659,
    0.9131386876106262,
    0.911854088306427,
    0.9117646813392639,
    0.911331832408905,
    0.9110015034675598,
    0.9097480773925781,
    0.9003212451934814
  ],
  "predicted_ious": [
    0.978604793548584,
    0.9278207421302795,
    0.9557275176048279,
    0.9678524136543274,
    0.9516620635986328,
    0.9417157769203186,
    0.8771238327026367,
    0.9270870089530945,
    0.9435198903083801,
    0.9425458312034607,
    0.9618247151374817,
    0.8166397213935852,
    0.900048017501831,
    0.9557002186775208,
    0.9499794244766235,
    0.9728404879570007,
    0.8262514472007751,
    0.9557327628135681,
    0.9103928208351135,
    0.9416531920433044,
    0.9373430013656616,
    0.939154863357544,
    0.9625526666641235,
    0.9397909641265869,
    0.9191416501998901,
    0.9461039304733276,
    0.9668166637420654,
    0.9763447046279907,
    0.9376579523086548,
    0.8363425135612488,
    0.9686727523803711,
    0.9437586069107056,
    0.8057505488395691,
    0.9748895764350891,
    0.9362900257110596,
    0.913472592830658,
    0.9515288472175598,
    0.8537297248840332,
    0.9357791543006897,
    0.8652889728546143,
    0.933418333530426,
    0.9367247223854065,
    0.9963893890380859,
    0.9548599720001221,
    0.8863149881362915,
    0.8482401967048645,
    0.8222708106040955,
    0.9581403732299805,
    0.8011303544044495,
    0.8876530528068542,
    0.827483057975769,
    0.8415011763572693,
    0.8613846898078918,
    0.917105495929718,
    0.946575403213501,
    0.845112681388855,
    0.8818883299827576,
    0.9609232544898987,
    0.9303486943244934,
    0.9301644563674927,
    0.8989566564559937,
    0.8576735258102417,
    0.8889837265014648,
    0.8375886082649231,
    0.9131888151168823,
    0.8224363327026367,
    0.8016225695610046,
    0.9811068773269653,
    0.8276760578155518,
    0.9012225866317749
  ],
  "area_stats": {
    "min": 96,
    "max": 741116,
    "mean": 62777.0,
    "median": 4149.0
  },
  "score_stats": {
    "min_stability": 0.9003212451934814,
    "max_stability": 0.9800626039505005,
    "mean_stability": 0.9483040222099849,
    "min_iou": 0.8011303544044495,
    "max_iou": 0.9963893890380859,
    "mean_iou": 0.9116173940045493
  }
}