{
  "total_masks": 122,
  "areas": [
    870,
    112,
    3081,
    1107,
    898,
    1488,
    883,
    787,
    123,
    39,
    114,
    1478,
    9537,
    9506,
    10928,
    905,
    970,
    4712,
    4674,
    4302,
    9651,
    63,
    2018,
    879,
    151,
    758,
    8508,
    287,
    973,
    519,
    1842,
    114,
    342,
    1784,
    7224,
    1071,
    915,
    9559,
    2093,
    3770,
    11010,
    2779,
    2250,
    1355,
    952,
    968,
    292,
    4536,
    1990,
    983,
    3341,
    16843,
    1066,
    995,
    332,
    145,
    1502,
    1828,
    285,
    570,
    1099,
    99,
    515,
    573,
    3795,
    110,
    7093,
    6542,
    6419,
    1067,
    533,
    1193,
    3004,
    1357,
    7511,
    288,
    1188,
    4483,
    1554,
    1394,
    151,
    1295,
    206,
    2251,
    1394,
    9009,
    2432,
    7763,
    16945,
    269,
    1101,
    14091,
    278,
    2071,
    2270,
    8809,
    996,
    304,
    408,
    4415,
    805,
    1075,
    5007,
    2825,
    140,
    956,
    3832,
    7512,
    888,
    1987,
    13896,
    263,
    1987,
    125,
    7543,
    465,
    9644,
    166,
    1508,
    1501,
    8793,
    810
  ],
  "stability_scores": [
    0.9829545617103577,
    0.9824561476707458,
    0.981642484664917,
    0.981249988079071,
    0.9811738729476929,
    0.979973316192627,
    0.9787946343421936,
    0.9761605858802795,
    0.9760000109672546,
    0.9750000238418579,
    0.9739130139350891,
    0.9734042286872864,
    0.9733002185821533,
    0.9732848405838013,
    0.9708291888237,
    0.9706840515136719,
    0.9705584049224854,
    0.97054523229599,
    0.9699978828430176,
    0.9695930480957031,
    0.968559205532074,
    0.9682539701461792,
    0.9680077433586121,
    0.9676700234413147,
    0.9675324559211731,
    0.9663212299346924,
    0.9648736119270325,
    0.9624573588371277,
    0.9609609842300415,
    0.9585687518119812,
    0.9584885835647583,
    0.9572649598121643,
    0.9570200443267822,
    0.9561403393745422,
    0.9551490545272827,
    0.9550458788871765,
    0.954935610294342,
    0.9542202949523926,
    0.9537383317947388,
    0.9536029100418091,
    0.9534473419189453,
    0.9532285928726196,
    0.9530842900276184,
    0.9523121118545532,
    0.9519427418708801,
    0.9517588019371033,
    0.949999988079071,
    0.9498600959777832,
    0.9494602680206299,
    0.9494549036026001,
    0.9491673707962036,
    0.9485018253326416,
    0.9479451775550842,
    0.9474196434020996,
    0.9469026327133179,
    0.9463087320327759,
    0.9461193084716797,
    0.9457735419273376,
    0.9455782175064087,
    0.9453924894332886,
    0.9451327323913574,
    0.9417475461959839,
    0.9413988590240479,
    0.9413735270500183,
    0.9386503100395203,
    0.9385964870452881,
    0.9385749101638794,
    0.9383774399757385,
    0.9374525547027588,
    0.9373297095298767,
    0.9365941882133484,
    0.9358766078948975,
    0.9357005953788757,
    0.935139000415802,
    0.9338736534118652,
    0.9328858852386475,
    0.9324654340744019,
    0.932170569896698,
    0.9316345453262329,
    0.9309141635894775,
    0.9303797483444214,
    0.930059552192688,
    0.9295774698257446,
    0.9287553429603577,
    0.9248793721199036,
    0.9241172075271606,
    0.923917293548584,
    0.9223300814628601,
    0.9223263263702393,
    0.9219858050346375,
    0.9186851382255554,
    0.916626513004303,
    0.9155405163764954,
    0.9146397709846497,
    0.9143692851066589,
    0.9141635298728943,
    0.9141221642494202,
    0.9140127301216125,
    0.913551390171051,
    0.9132773876190186,
    0.9131985902786255,
    0.9114583134651184,
    0.9106699824333191,
    0.9105938076972961,
    0.9097222089767456,
    0.909456729888916,
    0.9082725048065186,
    0.9081074595451355,
    0.907626211643219,
    0.9066985845565796,
    0.9061694145202637,
    0.9061371684074402,
    0.905814528465271,
    0.9051094651222229,
    0.9042068123817444,
    0.9036885499954224,
    0.9034351706504822,
    0.9034090638160706,
    0.9033079147338867,
    0.9019607901573181,
    0.9014871716499329,
    0.901190459728241
  ],
  "predicted_ious": [
    0.9725069999694824,
    0.929486870765686,
    0.970341145992279,
    0.9541611671447754,
    0.9718812108039856,
    0.9682407975196838,
    0.9625661373138428,
    0.9657394289970398,
    0.8772830963134766,
    0.8757215142250061,
    0.910365879535675,
    0.8824270367622375,
    0.9479065537452698,
    0.9740563035011292,
    0.9602218866348267,
    0.9611662030220032,
    0.9646786451339722,
    0.9714295864105225,
    0.9725792407989502,
    0.8285619616508484,
    0.9732968211174011,
    0.8597140312194824,
    0.9757319688796997,
    0.9729757905006409,
    0.9047759771347046,
    0.9531658887863159,
    0.9578280448913574,
    0.9266175031661987,
    0.9474366903305054,
    0.9418244361877441,
    0.9567289352416992,
    0.9260479211807251,
    0.8274551033973694,
    0.9501994848251343,
    0.9648731350898743,
    0.952515184879303,
    0.8719943165779114,
    0.9465212225914001,
    0.9532933831214905,
    0.8372630476951599,
    0.9623266458511353,
    0.9212453961372375,
    0.9489202499389648,
    0.8486104607582092,
    0.9407415986061096,
    0.9572954773902893,
    0.8886553645133972,
    0.9323068261146545,
    0.9226046800613403,
    0.9250853061676025,
    0.9686935544013977,
    0.9138356447219849,
    0.9313052296638489,
    0.953881025314331,
    0.9153634905815125,
    0.8284064531326294,
    0.9220102429389954,
    0.9504609704017639,
    0.8830655813217163,
    0.9237871170043945,
    0.9365857243537903,
    0.815788984298706,
    0.9238073825836182,
    0.9125092625617981,
    0.9687851667404175,
    0.8918572068214417,
    0.9189141988754272,
    0.9037471413612366,
    0.9373231530189514,
    0.9325595498085022,
    0.9104517102241516,
    0.9085164070129395,
    0.9637081027030945,
    0.8911579847335815,
    0.8843052387237549,
    0.8063046336174011,
    0.9130753874778748,
    0.9125424027442932,
    0.890126645565033,
    0.8950836062431335,
    0.8575060963630676,
    0.8882687091827393,
    0.8413006663322449,
    0.9052504301071167,
    0.9276143908500671,
    0.9221142530441284,
    0.8717387914657593,
    0.8451111316680908,
    0.8482916951179504,
    0.9315802454948425,
    0.8295407295227051,
    0.8202740550041199,
    0.9167691469192505,
    0.9582076668739319,
    0.8385878205299377,
    0.9352282285690308,
    0.8788937330245972,
    0.8566439747810364,
    0.8432378172874451,
    0.8057029843330383,
    0.8912892937660217,
    0.86280757188797,
    0.9497759342193604,
    0.9193636775016785,
    0.8793870806694031,
    0.837334156036377,
    0.8939182758331299,
    0.8703241348266602,
    0.9113538861274719,
    0.9432596564292908,
    0.8268203735351562,
    0.8162705898284912,
    0.8464136719703674,
    0.8127486705780029,
    0.8034625053405762,
    0.8371561765670776,
    0.8538130521774292,
    0.8463424444198608,
    0.9080690145492554,
    0.8319670557975769,
    0.9204709529876709,
    0.8594048619270325
  ],
  "area_stats": {
    "min": 39,
    "max": 16945,
    "mean": 2959.5081967213114,
    "median": 1325.0
  },
  "score_stats": {
    "min_stability": 0.901190459728241,
    "max_stability": 0.9829545617103577,
    "mean_stability": 0.9408927164116844,
    "min_iou": 0.8034625053405762,
    "max_iou": 0.9757319688796997,
    "mean_iou": 0.9067290767294461
  }
}